Trial,Time (s),Flow
1,0.0261838436126709,184
2,0.007096767425537109,167
3,0.0059909820556640625,129
