Trial,Time (s),Flow
1,0.00017595291137695312,37
2,0.00018715858459472656,34
3,0.0003170967102050781,40
