Trial,Time (s),Flow
1,0.0019507408142089844,111
2,0.0014870166778564453,67
3,0.0017168521881103516,79
