Trial,Time (s),Flow
1,0.0393068790435791,389
2,0.04368114471435547,443
3,0.042973995208740234,386
