Trial,Time (s),Flow
1,6.318092346191406e-05,20
2,4.792213439941406e-05,4
3,6.67572021484375e-05,12
