Trial,Time (s),Flow
1,0.0038347244262695312,255
2,0.003912925720214844,243
3,0.0035178661346435547,178
