Trial,Time (s),Flow
1,0.10097193717956543,798
2,0.0984659194946289,727
3,0.10811519622802734,794
