Trial,Time (s),Flow
1,0.0003120899200439453,60
2,0.00040912628173828125,84
3,0.0003509521484375,28
