Trial,Time (s),Flow
1,0.0198211669921875,413
2,0.01810598373413086,382
3,0.01800537109375,377
