Trial,Time (s),Flow
1,0.0001399517059326172,29
2,0.00013208389282226562,32
3,9.298324584960938e-05,9
