Trial,Time (s),Flow
1,0.026890993118286133,586
2,0.030434608459472656,635
3,0.029278993606567383,557
