Trial,Time (s),Flow
1,0.0007920265197753906,130
2,0.0006840229034423828,129
3,0.0006310939788818359,128
