Trial,Time (s),Flow
1,0.0009772777557373047,43
2,0.0002079010009765625,38
3,0.00015115737915039062,46
