Trial,Time (s),Flow
1,0.18866300582885742,1159
2,0.19061613082885742,1187
3,0.17636680603027344,1196
