Trial,Time (s),Flow
1,0.00603795051574707,347
2,0.00484013557434082,285
3,0.006351947784423828,323
